日期,開盤,最高,最低,收盤,成交量
20120102,1564.7,1567.42,1564.7,1564.5,0
20120103,1568.67,1607.4,1566.8,1604.11,0
20120104,1603.4,1618.57,1592.7,1611.9,0
20120105,1610.9,1625.77,1597.07,1622.3,0
20120106,1622.17,1631.1,1608.8,1618,0
20120109,1619.93,1623.69,1605.1,1610.6,0
20120110,1610.3,1640.34,1607.3,1631.8,0
20120111,1632.01,1647.14,1630,1641,0
20120112,1641.2,1661.95,1640,1649.6,0
20120113,1649.3,1650,1625.5,1638.6,0
20120116,1638.5,1647.06,1631.3,1642.9,0
20120117,1642.6,1667.72,1641.6,1651.7,0
20120118,1651.5,1662.4,1642.93,1659.1,0
20120119,1659,1670.09,1649.2,1657.1,0
20120120,1657.3,1666.75,1645.2,1665.7,0
20120123,1666,1681.5,1663.2,1676.4,0
20120124,1676.8,1679.82,1661.79,1665,0
20120125,1665,1713,1649.32,1709.9,0
20120126,1709.9,1730.95,1703.33,1719.6,0
20120127,1720.75,1739.77,1714.59,1738.4,0
20120130,1738.87,1739.8,1716.54,1729.3,0
20120131,1729,1747.66,1726.51,1737.1,0
20120201,1736.8,1751.5,1732.85,1744.1,0
20120202,1742.9,1761.04,1741.24,1758.6,0
20120203,1758.5,1763.24,1723.7,1725.4,0
20120206,1724.1,1738.1,1712.05,1719.2,0
20120207,1719.1,1749.85,1710.38,1744.4,0
20120208,1744.1,1752.09,1724.3,1732.3,0
20120209,1732.1,1752.8,1725.6,1729,0
20120210,1729.05,1734.9,1704.9,1721.3,0
20120213,1721.51,1733.32,1716.2,1721.93,0
20120214,1722,1727.83,1712.3,1720,0
20120215,1720.2,1737.23,1718.3,1727.5,0
20120216,1727.4,1729.94,1705.55,1727.83,0
20120217,1727.7,1735.87,1717.5,1723,0
20120220,1722.4,1737.2,1722.2,1733.7,0
20120221,1733.6,1759.9,1730.7,1758.7,0
20120222,1758.6,1781.7,1749.58,1776.3,0
20120223,1776.2,1787.45,1772.3,1780.28,0
20120224,1780.5,1782.88,1770.4,1771.6,0
20120227,1771.5,1779.42,1761.82,1766.8,0
20120228,1766.9,1790.25,1765.6,1783.9,0
20120229,1784.05,1790.66,1688.3,1696.76,0
20120301,1696.79,1726.05,1693.8,1717.9,0
20120302,1718.1,1724.3,1705.23,1712.1,0
20120305,1711.7,1716.77,1694.08,1706.05,0
20120306,1706.1,1708.97,1663.41,1673.6,0
20120307,1673.9,1688.18,1671.52,1684.9,0
20120308,1684.85,1704,1683,1699.53,0
20120309,1699.55,1714.95,1676.98,1713.55,0
20120312,1713.55,1716.68,1692.7,1700.04,0
20120313,1700.3,1705.68,1661.9,1674.9,0
20120314,1674.9,1682.3,1634.1,1642.38,0
20120315,1642.41,1666.7,1635.9,1656.8,0
20120316,1656.86,1664.82,1639.8,1659.1,0
20120319,1659.4,1669.81,1652.6,1663.29,0
20120320,1663.5,1664.67,1641.75,1650.23,0
20120321,1650,1661.8,1646.7,1649.5,0
20120322,1649.4,1656.6,1628.3,1644.5,0
20120323,1644.49,1666.54,1642.1,1643.85,0
20120326,1661.4,1693.47,1655.77,1689.5,0
20120327,1689.5,1697.02,1679.3,1680.13,0
20120328,1680.03,1684.55,1654.8,1662.6,0
20120329,1662.5,1665,1645.15,1661,0
20120330,1660.74,1670.93,1659.5,1668.13,0
20120402,1667.8,1683.57,1663.1,1676.4,0
20120403,1676,1681.1,1638.6,1645.31,0
20120404,1645.5,1648,1612.53,1619.95,0
20120405,1620.22,1633.51,1619.6,1630.2,0
20120406,1629.87,1642.2,1628.6,1638.8,0
20120409,1630.2,1648.8,1629.6,1639.4,0
20120410,1640.9,1663.1,1631.9,1658.2,0
20120411,1658.97,1662.7,1653.05,1659,0
20120412,1659.15,1680.12,1650.62,1674.5,0
20120413,1674.5,1678.02,1649.3,1657.5,0
20120416,1657.5,1658,1641.3,1652.35,0
20120417,1652.4,1657.52,1634.73,652.35,0
20120418,1649.89,1654.41,1638.08,1641.8,0
20120419,1641.91,1653.8,1631.15,1641.9,0
20120420,1642.69,1647.16,1638.68,1642.3,0
20120423,1642.2,1643.27,1623.2,1637.9,0
20120424,1637.94,1649.22,1634.23,1640.85,0
20120425,1640.88,1646.56,1624.92,1643.5,0
20120426,1643.95,1661.05,1641.8,1654.61,0
20120427,1654.64,1668.1,1650.78,1662.3,0
20120430,1662.4,1666.3,1644.7,1664.71,0
20120501,1664.66,1671.64,1657.25,1662.9,0
20120502,1662.8,1663.5,1646.33,1653.5,0
20120503,1653.26,1653.9,1631.2,1635.93,0
20120504,1635.6,1647.4,1626.9,1642,0
20120507,1643.1,1643.2,1632.39,1638.25,0
20120508,1638.32,1639.3,1595.58,1605.3,0
20120509,1604.9,1606.53,1578.95,1590.02,0
20120510,1590.05,1601.98,1585.88,1593.4,0
20120511,1593.26,1595.1,1573.3,1578.9,0
20120514,1578.9,1585.9,1556,1556.72,0
20120515,1556.77,1564.6,1541.3,1544.17,0
20120516,1544.14,1552.41,1527.24,1539.2,0
20120517,1539.1,1579.88,1538.4,1574.19,0
20120518,1574.19,1597.55,1568.2,1592.9,0
20120521,1592.9,1599.1,1585.09,1593.16,0
20120522,1593.16,1594.5,1561.3,1567.35,0
20120523,1567.32,1568.57,1533.7,1561.95,0
20120524,1561.93,1577.97,1551.73,1557.8,0
20120525,1558.27,1574.17,1551.3,1572.3,0
20120528,1572.3,1583.95,1571.3,1574.3,0
20120529,1574.1,1582.7,1548.59,1554.31,0
20120530,1554.29,1569.6,1531.7,1562.75,0
20120531,1562.45,1573.35,1552.37,1560,0
20120601,1559.89,1630.15,1545,1624.1,0
20120604,1624.1,1628.06,1609.03,1618.05,0
20120605,1618.56,1623.53,1612.14,1616.99,0
20120606,1617.06,1640.9,1613.5,1619.96,0
20120607,1620.4,1629.18,1578.7,1589.61,0
20120608,1589.65,1595.14,1555.3,1593.6,0
20120611,1593,1608.15,1582,1595.5,0
20120612,1595.49,1617.63,1586.45,1609.51,0
20120613,1609.71,1624.8,1605.9,1617.94,0
20120614,1617.99,1628.04,1609.72,1623.29,0
20120615,1622.98,1633.85,1619.8,1627.2,0
20120618,1626.9,1630.19,1607.15,1626.82,0
20120619,1626.65,1633.35,1617.1,1618.34,0
20120620,1618.17,1622.7,1590.63,1606.48,0
20120621,1606.35,1607.1,1564.5,1564.8,0
20120622,1564.9,1573.45,1558.5,1571.7,0
20120625,1572.1,1588.34,1566.59,1587.06,0
20120626,1587.06,1587.2,1567.88,1572.24,0
20120627,1571.7,1583.35,1562.9,1573.6,0
20120628,1573.8,1579.02,1548.25,1551.9,0
20120629,1551.17,1607.09,1550.8,1597.43,0
20120702,1597.3,1602.5,1587.39,1596.9,0
20120703,1596.35,1624.96,1594.7,1616.77,0
20120704,1616.85,1620.39,1611.71,1614.8,0
20120705,1615.2,1623.99,1597.78,1605,0
20120706,1604.9,1609.88,1576.58,1582.4,0
20120709,1583.3,1593.15,1576.6,1588.9,0
20120710,1588.6,1601.4,1564.4,1565.7,0
20120711,1565.6,1583.2,1565.6,1576.55,0
20120712,1576.45,1578,1555.03,1571.3,0
20120713,1571.2,1596.79,1565.6,1588.1,0
20120716,1588.6,1594.78,1578.31,1589,0
20120717,1588.9,1598.98,1571.6,1582.4,0
20120718,1583.05,1586.03,1567.73,1573.1,0
20120719,1573.4,1591.7,1572.4,1581.3,0
20120720,1581.05,1587.1,1573.95,1583.6,0
20120723,1583.6,1583.6,1563.55,1576.6,0
20120724,1576.35,1584.4,1569.16,1580.2,0
20120725,1580.05,1610.5,1578.6,1605.6,0
20120726,1605.5,1621.75,1601.1,1615.2,0
20120727,1615.3,1629.5,1611.7,1622.7,0
20120730,1622.7,1626,1614.5,1621.6,0
20120731,1621.85,1627.93,1611.16,1613.75,0
20120801,1613.6,1618.61,1592.1,1599.2,0
20120802,1599.4,1615.2,1584.3,1588.8,0
20120803,1588.9,1606.7,1586.15,1601.2,0
20120806,1602.9,1615.4,1601.74,1610.8,0
20120807,1610.3,1618.4,1608.8,1611.9,0
20120808,1612,1616.7,1603.62,1611.7,0
20120809,1612.04,1618.36,1609.87,1616.8,0
20120810,1617.45,1626.49,1606.05,1619.5,0
20120813,1619.4,1625.66,1607.7,1609.25,0
20120814,1610,1616.33,1591.5,1597.83,0
20120815,1598.9,1606.42,1590.24,1603,0
20120816,1603,1618.85,1601,1614,0
20120817,1614.4,1620.45,1612.05,1615.5,0
20120820,1615.5,1622.43,1610.1,1620.2,0
20120821,1619.75,1641.31,1618.4,1637.85,0
20120822,1637.8,1655.9,1634.85,1648.2,0
20120823,1648.4,1674.88,1648.4,1669.5,0
20120824,1669.13,1673.75,1662.71,1669.9,0
20120827,1670.3,1676.97,1662.9,1663.06,0
20120828,1663.35,1672.36,1657.2,1665.4,0
20120829,1665.6,1669.92,1652.59,1655.3,0
20120830,1656.1,1664.13,1651.3,655.3,0
20120831,1655.25,1692.92,1646.55,1691.4,0
20120903,1691.4,1695.4,1685.65,1691.3,0
20120904,1692.1,1699.08,1688.3,1695.05,0
20120905,1695.4,1695.95,1687.53,1693.45,0
20120906,1693,1714.1,1691.3,1700.9,0
20120907,1701.5,1742.14,1688.9,1735.4,0
20120910,1735.4,1740.09,1724.6,1724.6,0
20120911,1725.6,1738.18,1724.9,1731.11,0
20120912,1732,1747.17,1725.63,1730.6,0
20120913,1730.7,1772.8,1716.7,1766.8,0
20120914,1766.8,1777.82,1765.82,1769.6,0
20120917,1770.1,1776.43,1754.4,1761.55,0
20120918,1761.55,1773.35,1752.6,1770.85,0
20120919,1770.9,1779.33,1762.47,1769.7,0
20120920,1769.9,1772.27,1756.15,1767.3,0
20120921,1767.2,1787.4,1766.4,1772.2,0
20120924,1772.9,1772.9,1755.82,1764.1,0
20120925,1763.55,1774.96,1758.7,1760.1,0
20120926,1760.2,1765.5,1736.85,1753,0
20120927,1753.75,1780.4,1750.9,1777,0
20120928,1776.95,1783.24,1767.5,1771.7,0
20121001,1771.7,1791.65,1763.1,1777,0
20121002,1776.93,1784.35,1770.93,1773.85,0
20121003,1773.75,1781.78,1770.8,1777.42,0
20121004,1777.47,1795.16,1777.47,1789.8,0
20121005,1790.15,1795.9,1773.2,1780.3,0
20121008,1780.3,1780.87,1766.91,1775.3,0
20121009,1775.85,1779.79,1760.73,1764.2,0
20121010,1764.35,1768.19,1757.22,1762.2,0
20121011,1762.9,1774.75,1758.3,1767.17,0
20121012,1767.35,1773.3,1752.5,1753.5,0
20121015,1753.5,1754.75,1728.94,1735.6,0
20121016,1735.6,1748.23,1734.6,1747.9,0
20121017,1747.32,1753.5,1743.06,1748.8,0
20121018,1748.75,1752.16,1738.37,1740.97,0
20121019,1740.98,1743.34,1716.46,1721.1,0
20121022,1721.1,1729.4,1713.5,1727.65,0
20121023,1727.55,1730.1,1703.7,1705.75,0
20121024,1705.6,1714.3,1698.8,1701.87,0
20121025,1701.38,1718,1701.38,1710.75,0
20121026,1710.74,1718.79,1700.98,1710.3,0
20121029,1711,1717.29,1706.2,1709.2,0
20121030,1708.8,1715.19,1705.3,1708.8,0
20121031,1708.49,1726,1708.49,1719.5,0
20121101,1720.7,1727.01,1713.3,1713.8,0
20121102,1713.6,1716.87,1674.85,1677.4,0
20121105,1677.3,1686.3,1672.9,1684.7,0
20121106,1684.87,1720.91,1683.4,1715.9,0
20121107,1715.69,1731.84,1703.33,1717.29,0
20121108,1717.49,1735.14,1712.92,1731.16,0
20121109,1731.12,1738.8,1727.36,1730.7,0
20121112,1730.4,1737.96,1725.9,1728,0
20121113,1727.89,1732.9,1718.22,1724.72,0
20121114,1724.67,1734,1720.95,1726.22,0
20121115,1726.24,1727.95,1705.09,1715.63,0
20121116,1715.44,1717.42,1706.07,1713.3,0
20121119,1713.7,1735.56,1713.5,1731.5,0
20121120,1731.24,1735.65,1722,1726.75,0
20121121,1726.7,1731.99,1719.93,1728.64,0
20121122,1728.31,1732.57,1727.9,1729.8,0
20121123,1729.2,1754.4,1728.2,1749.2,0
20121126,1752,1752.27,1746.13,1748.43,0
20121127,1748.31,1751.82,1740.2,1741.8,0
20121128,1741.92,1743.11,1706.12,1719.56,0
20121129,1719.4,1728.71,1718.27,1725.7,0
20121130,1725.7,1731.7,1708.4,1714.6,0
20121203,1714.8,1722.7,1712.4,1715.69,0
20121204,1715.49,1718.19,1691.46,1697.3,0
20121205,1697.3,1706.91,1685.02,1693.62,0
20121206,1693.8,1703.26,1686.12,1699.59,0
20121207,1699.75,1705.5,1685.6,1704.04,0
20121210,1703.8,1717.3,1702.5,1712.54,0
20121211,1712.8,1714.4,1705.04,1709.9,0
20121212,1709.9,1723.3,1707.48,1711.47,0
20121213,1711.24,1711.8,1689.62,1697,0
20121214,1696.79,1700.47,1693.7,1695.56,0
20121217,1695.6,1699.8,1686.87,1697.95,0
20121218,1697.81,1703.1,1661,1670.89,0
20121219,1670.95,1676.72,1663.3,1667.1,0
20121220,1666.97,1671.9,1636,1647.37,0
20121221,1647.8,1659.71,1635.4,1656.87,0
20121224,1656.7,1665.91,1652.23,1658.2,0
20121225,1657.6,1659.02,1656.4,658.2,0
20121226,1658.2,1667.9,1650.2,1659.3,0
20121227,1658.9,1665.43,1652.91,1663.76,0
20121228,1663.83,1666.3,1653.4,1655.59,0
20121231,1655.4,1680.4,1654.8,1674.95,0
20130101,1674.9,1675.7,1674.9,1674.85,0
20130102,1675.34,1694.86,1670.35,1686.54,0
20130103,1686.35,1689.94,1660.6,1663.8,0
20130104,1663.59,1664.18,1626.18,1655.49,0
20130107,1655.2,1662.6,1643.17,1646.82,0
20130108,1646.6,1662.54,1646.2,1659.03,0
20130109,1659.02,1665.9,1651.7,1657.54,0
20130110,1657.63,1678.83,1653.7,1674.8,0
20130111,1675.08,1677,1653.61,1662.59,0
20130114,1662.3,1674.8,1659,1667.27,0
20130115,1667.54,1685.21,1666.2,1679.18,0
20130116,1678.94,1684.85,1673.8,1679.9,0
20130117,1679.57,1697.5,1667,1687.1,0
20130118,1687.35,1695.3,1683.6,1683.9,0
20130121,1683.6,1691.31,1683.6,1689.5,0
20130122,1689.4,1696.1,1687.06,1692.4,0
20130123,1685.43,1686.1,1665.28,1685.38,0
20130124,1667.8,1672.36,1656.25,1667.69,0
20130125,1667.8,1672.36,1656.25,1658.15,0
20130128,1658.2,1662.4,1652.3,1655.3,0
20130129,1655.75,1666.01,1654.3,1663.3,0
20130130,1663.2,1684.05,1662.6,1676.67,0
20130131,1676.6,1680.8,1658.13,1663.35,0
20130201,1663.2,1682.1,1659.8,1666.66,0
20130204,1666.7,1677.6,1661.8,1674.3,0
20130205,1674.3,1685.3,1666.87,1672.62,0
20130206,1672.8,1679.7,1668.56,1677.22,0
20130207,1677.6,1683.3,1663.33,1670.88,0
20130208,1670.9,1673.7,1665.26,1667.1,0
20130211,1666.7,1669.7,1644.06,1647.94,0
20130212,1647.85,1653.4,1639.46,1651.2,0
20130213,1650.8,1653.8,1640.3,1642.33,0
20130214,1642.5,1650,1632.7,1634.9,0
20130215,1634.7,1636.2,1598.18,1609.64,0
20130218,1609.5,1618.9,1607.35,1609.05,0
20130219,1609.2,1615.3,1600.88,1604.6,0
20130220,1604.9,1609.6,1558.7,1564.23,0
20130221,1564.15,1584.9,1554.8,1576.3,0
20130222,1576,1587.3,1570.09,1581.19,0
20130225,1580.7,1597,1575,1592.99,0
20130226,1592.95,1620.23,1584.61,1613.34,0
20130227,1613.57,1614.8,1592.2,1596.65,0
20130228,1597.05,1603,1574.8,1579.52,0
20130301,1579.55,1587.3,1565.11,1575.7,0
20130304,1575.5,1584.9,1569.3,1573.9,0
20130305,1573.75,1586.5,1571.7,1575.13,0
20130306,1575.5,1585,1567.6,1583.62,0
20130307,1583.3,1585.5,1574.8,1578.53,0
20130308,1578.77,1583.9,1561.7,1578.3,0
20130311,1578.3,1583.35,1575.3,1580.05,0
20130312,1581.29,1598.5,1579.8,1592.34,0
20130313,1592.8,1599.5,1585.89,1588.05,0
20130314,1587.64,1593.5,1577.05,1590.11,0
20130315,1589.9,1599,1588.4,1592.2,0
20130318,1592.2,1611.4,1591.45,1604.19,0
20130319,1603.89,1615.9,1600.29,1611.78,0
20130320,1611.7,1614.85,1600.8,1606.75,0
20130321,1606.65,1616.88,1604.2,1612.45,0
20130322,1614.79,1616.2,1603.8,1608.6,0
20130325,1608.16,1613.71,1590.02,1605,0
20130326,1605.15,1606.1,1594.87,1597,0
20130327,1598.8,1608.4,1591.55,1604.95,0
20130328,1605,1607.8,1594,1595.05,0
20130329,1595.9,1599.2,1595.8,1594.3,0
20130401,1593.65,1601.1,1593.65,1599.15,0
20130402,1599.25,1603.9,1573.99,1575.7,0
20130403,1576.2,1577.3,1549.99,1557.9,0
20130404,1557.6,1559.6,1540.18,1554.09,0
20130405,1554.09,1581.5,1549.1,1581.5,0
20130408,1580.9,1583.01,1567.55,1572.25,0
20130409,1572.47,1590.55,1570.1,1584.45,0
20130410,1585.09,1588.6,1555.4,1558.75,0
20130411,1559.15,1568.4,1553.2,1559.65,0
20130412,1560,1564.7,1481.1,1480.3,0
20130415,1478.91,1495.7,1335.3,1351.8,0
20130416,1355.56,1403.6,1321.5,1367.8,0
20130417,1369.35,1395.2,1364.7,1376.85,0
20130418,1376.9,1402.04,1336.6,1390.65,0
20130419,1393.45,1425.05,1385.6,1405.8,0
20130422,1401.2,1439,1401.2,1424.8,0
20130423,1425.79,1432.78,1405.11,1412.15,0
20130424,1412.99,1434.01,1412,1430.35,0
20130425,1430.7,1469.22,1427.35,1466.3,0
20130426,1467.19,1485.4,1448.37,1462.28,0
20130429,1467.28,1478.83,1462,1474.45,0
20130430,1474.45,1480.2,1461.26,1474.7,0
20130501,1475.25,1478.06,1440.72,1455.7,0
20130502,1456.6,1473.71,1448.6,1466,0
20130503,1466.35,1487.98,1456.55,1470.2,0
20130506,1469.75,1478.9,1464.89,1469.25,0
20130507,1469.5,1470.7,1441.63,1451.65,0
20130508,1452.3,1476.74,1447.4,1473.3,0
20130509,1473.17,1476.38,1453.1,1456.4,0
20130510,1457.6,1462.2,1419.98,1447.8,0
20130513,1448.2,1448.99,1425.7,1430.35,0
20130514,1430.2,1445.45,1421.46,1424.65,0
20130515,1425.35,1430.81,1388.6,1392,0
20130516,1393.55,1398.33,1369.93,1385.65,0
20130517,1386.45,1392.95,1355.1,1359.6,0
20130520,1358.7,1399.6,1338.1,1393.7,0
20130521,1393.7,1401.53,1360.05,1375.2,0
20130522,1374.92,1414.3,1354.3,1369.5,0
20130523,1368.61,1398.31,1356.2,1390.35,0
20130524,1390.95,1398.4,1382.1,1386.2,0
20130527,1385.68,1396.77,1384.1,1393.9,0
20130528,1394.95,1402.1,1373.95,1380.65,0
20130529,1380.65,1395.4,1379.9,1393.3,0
20130530,1393.3,1418,1388.5,1412.4,0
20130531,1413.26,1421.9,1384.7,1387.81,0
20130603,1388.32,1416.93,1388.32,1410.3,0
20130604,1411.44,1415.2,1389.2,1398.45,0
20130605,1398.25,1410.6,1396,1400.7,0
20130606,1400.8,1423.8,1391.84,1413.4,0
20130607,1412.77,1417.98,1377.8,1384.1,0
20130610,1383.03,1389.01,1376.18,1385.5,0
20130611,1386.3,1387.7,1366.14,1377.98,0
20130612,1376.95,1394.56,1374,1387.6,0
20130613,1387.6,1395,1374.76,1384.1,0
20130614,1384.15,1392.5,1378.45,1391,0
20130617,1389.93,1392.1,1380.79,1384.35,0
20130618,1383.3,1386.06,1361.23,1361.18,0
20130619,1366.2,1376.57,1348.9,1350.4,0
20130620,1350.85,1351.35,1276,1275.66,0
20130621,1278.24,1302.5,1269.1,1297.9,0
20130624,1296.59,1301.5,1276.38,1282.26,0
20130625,1282.31,1289.54,1271.96,1277.15,0
20130626,1277.1,1278.1,1221.6,1222.16,0
20130627,1225.61,1245,1196.6,1200,0
20130628,1200.25,1235.24,1180.2,1234.8,0
20130701,1232.68,1261.8,1225.1,1249.14,0
20130702,1252.8,1267.5,1239.4,1242.6,0
20130703,1241.65,1260,1237,1252.6,0
20130704,1252.05,1258,1245.2,1247.49,0
20130705,1246.05,1250.54,1208.5,1222.93,0
20130708,1221.86,1238.71,1215.5,1236.55,0
20130709,1236.05,1260.56,1233.4,1248.87,0
20130710,1248.85,1267,1243.7,1261.42,0
20130711,1266.47,1298.9,1264.9,1285.55,0
20130712,1285.66,1288.6,1268.14,1284.2,0
20130715,1284.23,1294.75,1274.45,1282.15,0
20130716,1282.2,1295.6,1276.9,1292.7,0
20130717,1290.85,1300.8,1270.6,1273.9,0
20130718,1273.9,1288.8,1273.9,1284.1,0
20130719,1282.4,1298,1282.1,1295.9,0
20130722,1296.06,1339.44,1296.06,1334.75,0
20130723,1334.75,1348.5,1327.07,1347.2,0
20130724,1347.15,1347.68,1313.45,1320.4,0
20130725,1320.85,1337.83,1309.19,1333.23,0
20130726,1332.55,1340.7,1312.68,1333.2,0
20130729,1332.8,1338.3,1323.19,1326.6,0
20130730,1326.8,1330.2,1317.3,1319.66,0
20130731,1326.4,1339.2,1305.6,1322.4,0
20130801,1322.77,1331.05,1307.8,1308.1,0
20130802,1308.05,1318.44,1283.45,1313,0
20130805,1311.4,1320.8,1297.79,1303.6,0
20130806,1301.75,1307,1279.64,1282.05,0
20130807,1281.55,1289.36,1273.14,1286.45,0
20130808,1286.5,1314.5,1282.7,1311.44,0
20130809,1312.25,1317.3,1305.2,1314,0
20130812,1313.55,1344.08,1313.55,1334.25,0
20130813,1336,1341.6,1319.08,1319.88,0
20130814,1320.5,1336.45,1315.7,1330.37,0
20130815,1335.1,1370.06,1319.13,1365.7,0
20130816,1364.95,1379.6,1357.9,1376,0
20130819,1376.1,1384.5,1362.76,1365.1,0
20130820,1365,1377.6,1352.3,1370.75,0
20130821,1370.5,1379.1,1360.05,1363.27,0
20130822,1366.15,1381.7,1354.9,1376.1,0
20130823,1376.5,1400.3,1368.93,1397.1,0
20130826,1397.3,1407.1,1389.8,1404.85,0
20130827,1405,1423.8,1395.4,1416.25,0
20130828,1415.4,1433.85,1413.1,1418.05,0
20130829,1418.23,1418.42,1402.65,1407.95,0
20130830,1407.35,1411.45,1392.23,1395.2,0
20130902,1394.9,1398.21,1373.7,1391.95,0
20130903,1391.44,1416.4,1384.65,1411.19,0
20130904,1411.4,1415,1384.86,1391.35,0
20130905,1390.95,1399.9,1364.9,1366.45,0
20130906,1366.6,1393.5,1359.6,1390.8,0
20130909,1390.39,1394.2,1382.31,1386.34,0
20130910,1386.75,1391.25,1358.05,1363.15,0
20130911,1363.55,1368.7,1356.4,1365.7,0
20130912,1365.49,1366.5,1320.4,1320.87,0
20130913,1320.91,1330.9,1305.1,1327.1,0
20130916,1333.13,1334.87,1302.8,1311.3,0
20130917,1310.4,1323.85,1306.12,1309.35,0
20130918,1310.25,1367.52,1291.5,1362.15,0
20130919,1361.3,1375.4,1358.4,1365.3,0
20130920,1366,1368.49,1324.6,1325,0
20130923,1325.13,1331.84,1313.3,1321.1,0
20130924,1321.25,1329.28,1306.13,1323,0
20130925,1323.1,1338.1,1316.84,1332.7,0
20130926,1332.75,1339.35,1318.9,1323.1,0
20130927,1322.77,1344.02,1319.6,1335.8,0
20130930,1336.34,1352.15,1322.92,1327.19,0
20131001,1327.6,1337.55,1282.6,1286.75,0
20131002,1287.13,1323.79,1277.5,1315.35,0
20131003,1315.9,1322.5,1302.27,1317,0
20131004,1316.85,1325.41,1305.9,1309.9,0
20131007,1310.5,1329,1308.78,1322.65,0
20131008,1322.75,1329.93,1315.84,1319.2,0
20131009,1318.6,1322.2,1294.88,1304.57,0
20131010,1305.47,1311.75,1281.5,1286.1,0
20131011,1284.92,1294.52,1261.66,1271.8,0
20131014,1270.85,1290.04,1268.3,1273.22,0
20131015,1273.7,1288,1251.8,1281.25,0
20131016,1280.95,1288.5,1269.4,1280.95,0
20131017,1280.95,1324.41,1274.73,1320.1,0
20131018,1318.95,1327.55,1312.01,1315.9,0
20131021,1315.83,1324.07,1312.9,1315.55,0
20131022,1315.25,1344.95,1310.29,1339.45,0
20131023,1340.05,1342.2,1329.21,1332.4,0
20131024,1332.35,1352.19,1330.1,1345.85,0
20131025,1346,1355.82,1336.7,1351.9,0
20131028,1351.07,1361.74,1346.58,1352.27,0
20131029,1352.27,1360.58,1340.2,1344.45,0
20131030,1344.5,1359.52,1334.5,1341.25,0
20131031,1341.2,1343.1,1319.3,1322.9,0
20131101,1322.9,1327.46,1306.28,1315.2,0
20131104,1315.03,1322.5,1311.4,1314.45,0
20131105,1314.36,1319.93,1306.09,1311.5,0
20131106,1311.46,1322.03,1309.45,1317.55,0
20131107,1317.25,1326.33,1296.95,1307.38,0
20131108,1307.35,1313.75,1281.12,1288.15,0
20131111,1288.16,1288.8,1279.35,1282.5,0
20131112,1282.4,1285.27,1261,1267.73,0
20131113,1267.64,1279.88,1265.6,1281.6,0
20131114,1280.86,1294.3,1278.39,1287,0
20131115,1286.91,1291.2,1280.63,1289.8,0
20131118,1289.43,1289.7,1270.19,1275.04,0
20131119,1275,1278.85,1269.46,1275,0
20131120,1275.45,1276.35,1240.9,1243.8,0
20131121,1243.8,1250.4,1237.07,1242.38,0
20131122,1242.38,1249.1,1241.39,1242.7,0
20131125,1243.23,1253.71,1227.05,1251.23,0
20131126,1250.7,1258.2,1239.92,1242.3,0
20131127,1242.6,1254.78,1235.9,1237.48,0
20131128,1237,1247.6,1234.7,1242.31,0
20131129,1244.27,1254.85,1240.3,1251.4,0
20131202,1251.21,1251.21,1217.5,1219.3,0
20131203,1219.55,1226.2,1215.52,1223.08,0
20131204,1223.09,1251.69,1211.89,1243.47,0
20131205,1243.5,1243.6,1217.32,1225,0
20131206,1225.01,1244.9,1212.87,1228.55,0
20131209,1228.7,1243.07,1224.9,1240,0
20131210,1240.1,1267.8,1237.5,1261.95,0
20131211,1262,1263.4,1251.2,1251.95,0
20131212,1251.95,1256.94,1223.6,1224.9,0
20131213,1224.9,1238.68,1220.66,1238.4,0
20131216,1238.35,1252.02,1228.09,1241.04,0
20131217,1240.7,1248.1,1227.2,1230.55,0
20131218,1230.23,1244.57,1215.9,1217.8,0
20131219,1218.3,1226.51,1186.9,1188.4,0
20131220,1188.1,1207.52,1187.6,1202.8,0
20131223,1202.78,1206.19,1192.93,1198.2,0
20131224,1198.45,1205.5,1196.49,1204.3,0
20131225,1204.6,1204.6,1204.6,204.3,0
20131226,1203.7,1215.84,1200.9,1209.81,0
20131227,1210.05,1219.05,1208.6,1212.6,0
20131230,1212.87,1216.3,1194.5,1196,0
20131231,1195.27,1214.63,1182.7,1205.25,0
20140101,1205.25,1205.5,1205.25,1205.05,0
20140102,1205.4,1230.84,1203.3,1224,0
20140103,1224.2,1240.22,1222.3,1236.75,0
20140106,1236.43,1248.4,1216.07,1237.64,0
20140107,1237.95,1245.35,1225.25,1231.7,0
20140108,1231.88,1232.55,1218.2,1225.7,0
20140109,1225.95,1231.55,1223.81,1227.8,0
20140110,1227.4,1248.91,1227.2,1248.05,0
20140113,1246.6,1255,1243.85,1252.55,0
20140114,1252.92,1255.35,1241.3,1244.9,0
20140115,1244.91,1245.45,1234.48,1241.55,0
20140116,1241,1245.28,1236.59,1242.1,0
20140117,1242.05,1254.92,1237.95,1253.69,0
20140120,1253.86,1261.97,1253.05,1252.12,0
20140121,1252.13,1255.95,1235.78,1241.22,0
20140122,1240.26,1243.75,1235.6,1237.05,0
20140123,1237.05,1265.5,1231.3,1263.4,0
20140124,1263.85,1272.55,1257.1,1269.69,0
20140127,1268.68,1279.1,1251.7,1256.4,0
20140128,1256.4,1261.74,1249,1256.5,0
20140129,1256.6,1270.08,1248.7,1267.35,0
20140130,1267.4,1268.83,1238.2,1243.22,0
20140131,1243.51,1254.9,1238.81,1243.94,0
20140203,1244,1266.21,1240.81,1257.15,0
20140204,1257,1260.91,1247.6,1254.46,0
20140205,1254.1,1274.3,1252.3,1257.59,0
20140206,1257.7,1266.9,1253.07,1257.8,0
20140207,1257.5,1271.87,1255.9,1266.85,0
20140210,1266.85,1277.84,1264.8,1274.64,0
20140211,1274.55,1293.84,1273.4,1291.22,0
20140212,1291.15,1296.5,1284.27,1290.86,0
20140213,1290.8,1302.77,1286.53,1302.49,0
20140214,1302.54,1321.2,1299.6,1318.3,0
20140217,1318.42,1329.72,1318.42,1328.5,0
20140218,1328.57,1332.1,1312.9,1321.74,0
20140219,1321.5,1322.86,1308.6,1311.34,0
20140220,1311.05,1324.95,1307.63,1322.8,0
20140221,1322.8,1328.47,1316.1,1323.95,0
20140224,1323.95,1338.97,1318.5,1336.4,0
20140225,1336.7,1343.54,1331.47,1340.2,0
20140226,1340.25,1345.37,1322.5,1330.25,0
20140227,1330.25,1336.1,1324,1331,0
20140228,1331.17,1333.29,1319.4,1324.9,0
20140303,1325.75,1354.69,1325.75,1350.32,0
20140304,1350,1352.51,1331.4,1334.3,0
20140305,1334.15,1341.77,1332.9,1336.5,0
20140306,1336.45,1353.56,1331.4,1350.61,0
20140307,1350.62,1352.84,1328.52,1339.08,0
20140310,1339.7,1344.61,1327.8,1338.76,0
20140311,1338.87,1352.54,1337.6,1347.68,0
20140312,1348.11,1370.78,1345.1,1364.47,0
20140313,1366.85,1375.09,1364.6,1369.81,0
20140314,1369.05,1387.87,1368.1,1381.4,0
20140317,1382.45,1392.08,1361.7,1366.8,0
20140318,1366.26,1367.51,1350.88,1355.4,0
20140319,1354.79,1359.62,1327.5,1328.39,0
20140320,1328.41,1334.59,1320.77,1327.2,0
20140321,1325.25,1342.34,1325.25,1333.3,0
20140324,1334.4,1334.87,1307.7,1308.88,0
20140325,1307.92,1317.23,1305.87,1310.7,0
20140326,1311.16,1316.29,1298.4,1304.5,0
20140327,1304.77,1306.8,1288.8,1290.5,0
20140328,1289.02,1298.7,1285.69,1293.7,0
20140331,1294.9,1298.49,1282.3,1281.85,0
20140401,1283.92,1287.95,1277.4,1278.88,0
20140402,1278.57,1294.45,1278.57,1289.63,0
20140403,1289.72,1293.84,1281.94,1284.85,0
20140404,1286.14,1306.66,1284,1302.7,0
20140407,1303,1304.72,1295.8,1296.61,0
20140408,1296.57,1314.33,1296.57,1307.7,0
20140409,1308.06,1315,1301.18,1311.7,0
20140410,1311.46,1324.43,1310.5,1317.5,0
20140411,1318.12,1323.83,1314.3,1318.1,0
20140414,1318.16,1331.15,1318.16,1327.28,0
20140415,1326.61,1328.13,1285.73,1302.24,0
20140416,1302.23,1307.04,1293.7,1301.75,0
20140417,1302.07,1304.13,1293.2,1294.35,0
20140418,1294.6,1294.97,1294.6,1294.08,0
20140421,1294.55,1301.88,1281.8,1289.43,0
20140422,1290.08,1292.82,1276.62,1283.15,0
20140423,1283.29,1289.01,1281.12,1283.83,0
20140424,1283.61,1298.64,1268.77,1292.88,0
20140425,1293.67,1304.98,1290.7,1303.5,0
20140428,1302.8,1306.42,1292.28,1296.18,0
20140429,1295.66,1301.4,1286.58,1295.58,0
20140430,1295.28,1298.17,1285.19,1291.1,0
20140501,1291.39,1292.83,1277.5,1283.93,0
20140502,1284.7,1304.63,1273.86,1299.6,0
20140505,1299.35,1315.54,1299.2,1308.7,0
20140506,1309.5,1314,1304.6,1307.37,0
20140507,1307.37,1314.5,1286.89,1289.3,0
20140508,1289.68,1295.44,1285.29,1289.15,0
20140509,1289.47,1294.33,1285.7,1289.2,0
20140512,1288.45,1304.1,1278.18,1295.2,0
20140513,1295.74,1298.79,1289.27,1293.33,0
20140514,1293.13,1309,1291.2,1305.53,0
20140515,1305.11,1307.09,1291.15,1296,0
20140516,1296.18,1298.21,1288.01,1292.5,0
20140519,1292.5,1305.41,1289.62,1292.7,0
20140520,1292.7,1296.9,1286.07,1293.9,0
20140521,1293.97,1296.3,1283.1,1291.55,0
20140522,1291.55,1303.85,1289.8,1293.95,0
20140523,1293.54,1295.5,1286.85,1292.3,0
20140526,1292.3,1308,1290.6,1290.45,0
20140527,1292.2,1293.35,1263.6,1262.3,0
20140528,1263.86,1267.3,1256.15,1258.05,0
20140529,1257.9,1260.48,1251.63,1255.5,0
20140530,1254.64,1260.4,1242.4,1250.5,0
20140602,1250.5,1250.85,1241.17,1243.3,0
20140603,1243.3,1247.66,1240.74,1244.75,0
20140604,1244.56,1249.15,1242.7,1243.6,0
20140605,1243.6,1257.65,1241.3,1252.95,0
20140606,1252.95,1257.78,1246.05,1252.6,0
20140609,1252.6,1257.05,1251.2,1252.03,0
20140610,1251.87,1263.65,1250,1259.75,0
20140611,1259.68,1265.3,1258.12,1260.55,0
20140612,1260.74,1274.8,1259.5,1272.85,0
20140613,1272.23,1277.88,1270.9,1276.63,0
20140616,1276.63,1284.9,1270.3,1271.45,0
20140617,1271.41,1273.3,1258.94,1271.2,0
20140618,1271.55,1278.71,1266.5,1277.25,0
20140619,1277.7,1321.59,1275.6,1318.85,0
20140620,1319.92,1321.99,1306.65,1314.1,0
20140623,1314.1,1318.45,1309.8,1317.7,0
20140624,1317.7,1325.96,1313.5,1318.3,0
20140625,1318.3,1324.81,1307.75,318.3,0
20140626,1318.3,1319.84,1306.4,1316.8,0
20140627,1316.8,1322.25,1312.88,1315.2,0
20140630,1315.2,1329.5,1310.54,1326.75,0
20140701,1326.75,1333.12,1323.98,1326.2,0
20140702,1325.97,1331.96,1321.44,1326.5,0
20140703,1326.85,1327.43,1309.9,1319.3,0
20140704,1319.36,1323.19,1318.3,319.3,0
20140707,1319.3,1320.74,1311.61,1319.35,0
20140708,1318.94,1324.76,1313.6,1319.5,0
20140709,1318.48,1332.3,1317.6,1326.55,0
20140710,1326.55,1345.28,1324.64,1335,0
20140711,1335,1339.2,1333.93,1338.4,0
20140714,1338.4,1339.51,1303,1306.95,0
20140715,1306.95,1313.76,1292.2,1294.1,0
20140716,1294.1,1303.77,1293.39,1299.25,0
20140717,1299.25,1324.44,1297.3,1317.65,0
20140718,1318.15,1324.7,1304.73,1310.2,0
20140721,1310.2,1318.39,1307.1,1311.9,0
20140722,1311.9,1315.87,1302.2,1307.7,0
20140723,1307.7,1311.19,1303.3,1303.6,0
20140724,1303.7,1305.2,1287.8,1293.3,0
20140725,1293.47,1308.66,1290.6,1307.8,0
20140728,1307.8,1309.23,1301,1302.4,0
20140729,1302.4,1312.19,1296.2,1298.85,0
20140730,1298.85,1303.71,1291.99,1295.78,0
20140731,1295.75,1297.35,1280.6,1281.7,0
20140801,1282.54,1297.21,1280.57,1293.8,0
20140804,1293.8,1295.45,1286.28,1287.7,0
20140805,1287.7,1294.01,1282.68,1288.58,0
20140806,1288.42,1309.56,1287.3,1305.45,0
20140807,1305.45,1314.59,1302.22,1312.5,0
20140808,1312.5,1322.69,1305.6,1309.3,0
20140811,1309.3,1311.51,1304.8,1307.95,0
20140812,1307.95,1317.86,1305.8,1308.65,0
20140813,1308.65,1315.03,1305.07,1312.45,0
20140814,1312.45,1319.42,1308.95,1312.2,0
20140815,1312.2,1315.2,1292.71,1304.4,0
20140818,1304.4,1304.58,1295.81,1297.05,0
20140819,1297.05,1302.32,1294.04,1295.05,0
20140820,1295.05,1297.96,1288,1291.15,0
20140821,1291.15,1291.58,1273.09,1276.2,0
20140822,1276.2,1283.05,1274.36,1280.7,0
20140825,1280.7,1281.4,1274.55,1276.25,0
20140826,1276.25,1290.98,1275.59,1280,0
20140827,1280,1287.37,1280,1282.65,0
20140828,1282.65,1296.53,1282.52,1288.9,0
20140829,1289.02,1291.38,1283.61,1287.01,0
20140901,1287.01,1289.95,1282.73,1287.27,0
20140902,1287.27,1287.6,1262.67,1265.75,0
20140903,1265.92,1271.54,1261.4,1269.25,0
20140904,1269.15,1277.25,1260.5,1259.7,0
20140905,1260.68,1273.64,1257.46,1268.3,0
20140908,1268.3,1271.8,1251.65,1255.25,0
20140909,1255.25,1258.25,1247.65,1255.2,0
20140910,1255.35,1257.8,1244.01,1249,0
20140911,1249,1250.2,1235.11,1239.85,0
20140912,1240,1241.68,1227.8,1228.1,0
20140915,1228.1,1238.62,1225.81,1232.25,0
20140916,1232.59,1242.07,1231.83,1234.75,0
20140917,1234.75,1239.48,1221.63,1223.1,0
20140918,1223.1,1227.96,1215.99,1224.55,0
20140919,1224.55,1228.74,1213.94,1216,0
20140922,1216,1220.45,1208.33,1214.55,0
20140923,1214.55,1235.45,1214.4,1222.55,0
20140924,1222.55,1226.08,1215.88,1216.5,0
20140925,1216.5,1224.61,1207.1,1221.65,0
20140926,1221.65,1231.3,1212.45,1218.8,0
20140929,1218.8,1223.33,1215.12,1216.1,0
20140930,1216.1,1220.18,1204.7,1208.5,0
20141001,1208.5,1219.36,1204.85,1212.7,0
20141002,1212.7,1222.41,1208.87,1214.25,0
20141003,1214.25,1215.35,1190.2,1190.85,0
20141006,1190.85,1209.03,1183.27,1206.82,0
20141007,1206.82,1213.49,1203.13,1208.8,0
20141008,1209.27,1224.16,1205.15,1221.57,0
20141009,1221.57,1233.37,1219.2,1223.7,0
20141010,1223.7,1225.49,1217.55,1223.2,0
20141013,1223.2,1237.8,1222.94,1236.3,0
20141014,1236.3,1238.2,1231.14,1232.05,0
20141015,1232.05,1249.63,1222.05,1240.85,0
20141016,1240.85,1245.25,1235.55,1238.75,0
20141017,1238.75,1241.71,1231.85,1238.1,0
20141020,1238.1,1248.8,1234.78,1246.6,0
20141021,1246.6,1255.25,1245.5,1249.2,0
20141022,1249.2,1249.8,1240.65,1240.95,0
20141023,1240.95,1244.65,1226.45,1232.1,0
20141024,1232.1,1234.3,1229.01,1230.9,0
20141027,1230.9,1232.01,1225.6,1225.57,0
20141028,1225.57,1235.56,1222.7,1228.02,0
20141029,1227.89,1230.6,1208.56,1211.72,0
20141030,1211.58,1216.7,1196.15,1198.9,0
20141031,1198.9,1202.76,1161.37,1172.59,0
20141103,1172.59,1173.87,1161.86,1165.35,0
20141104,1165.42,1175,1164.1,1168.1,0
20141105,1168.11,1169.75,1138.01,1140.4,0
20141106,1140.34,1149.6,1138.34,1141.7,0
20141107,1141.7,1178.75,1132.08,1177.83,0
20141110,1177.7,1178.7,1147.56,1151.23,0
20141111,1150.89,1173.26,1146.35,1163.96,0
20141112,1164.02,1170.13,1157.52,1162.38,0
20141113,1162.32,1168.08,1154.17,1162.17,0
20141114,1162.23,1193.65,1147,1188.3,0
20141117,1188.66,1194.27,1181.7,1186.34,0
20141118,1186.34,1204.7,1183.61,1196.57,0
20141119,1196.77,1202.25,1175.36,1182.5,0
20141120,1182.37,1197.15,1177,1193.48,0
20141121,1193.6,1207.85,1187.02,1201.28,0
20141124,1201.15,1204.29,1193,1196.66,0
20141125,1196.8,1202.93,1190.57,1200.6,0
20141126,1200.81,1201.85,1195.1,1197.6,0
20141127,1197.58,1199.66,1185.89,1188.57,0
20141128,1191.5,1191.5,1165.43,1167.23,0
20141201,1167.23,1221.5,1143.01,1211.64,0
20141202,1211.63,1213.38,1192.18,1197.84,0
20141203,1198.13,1215.1,1194.61,1209.2,0
20141204,1209.3,1213.39,1201.51,1205.13,0
20141205,1204.53,1207.62,1186.55,1191.98,0
20141208,1192.16,1208.97,1187.36,1203.2,0
20141209,1203.4,1238.3,1199.45,1230.74,0
20141210,1230.96,1238.25,1224.88,1225.99,0
20141211,1225.87,1232.75,1216.12,1227.41,0
20141212,1227.3,1228.19,1214.61,1222.32,0
20141215,1222.29,1224.22,1190.8,1192.99,0
20141216,1192.86,1223.48,1187.61,1196.72,0
20141217,1196.9,1202.95,1183.96,1189.3,0
20141218,1189.05,1213.86,1188.67,1198.7,0
20141219,1198.3,1201.32,1193.91,1195.42,0
20141222,1195.53,1203.37,1170.91,1176.17,0
20141223,1176.1,1185,1172.78,1176.2,0
20141224,1176.3,1181.25,1173.09,1174.67,0
20141225,1173.86,1173.86,1173.86,1173.6,0
20141226,1173.86,1199.12,1173.5,1195.79,0
20141229,1195.76,1197.52,1179.06,1182.96,0
20141230,1183.21,1210.65,1180.95,1200.02,0
20141231,1200.46,1203.85,1179.9,1184.02,0
20150101,1184.06,1184.28,1182.8,1183.81,0
20150102,1182.16,1195,1167.72,1188.43,0
20150105,1188.01,1207.8,1177.99,1204.48,0
20150106,1204.47,1223.3,1201.91,1218.8,0
20150107,1218.46,1219.2,1209.22,1211,0
20150108,1211.1,1216.58,1204.73,1208.6,0
20150109,1208.76,1224,1207.5,1222.95,0
20150112,1222.9,1235.88,1217.74,1233.2,0
20150113,1233.1,1244.22,1227.44,1230.58,0
20150114,1230.67,1244.4,1225.21,1228.62,0
20150115,1228.61,1266.78,1226.27,1262.18,0
20150116,1262.6,1282.11,1255.2,1280.3,0
20150119,1279.37,1281.6,1272.3,1276.36,0
20150120,1276.04,1297.14,1274.2,1294.95,0
20150121,1295.26,1305.34,1284.81,1293,0
20150122,1292.94,1307.59,1279.76,1302.07,0
20150123,1301.8,1302.65,1284.58,1294.08,0
20150126,1293.95,1299.21,1276.05,1281.1,0
20150127,1281.45,1297.57,1272.5,1292.25,0
20150128,1291.9,1293.87,1279.97,1284.06,0
20150129,1284.15,1285.95,1252.05,1256.66,0
20150130,1257.48,1284.8,1257.35,1283.09,0
20150202,1283.18,1283.7,1266.65,1274.04,0
20150203,1273.98,1285.8,1255.7,1260.2,0
20150204,1260.1,1272.46,1256.92,1269,0
20150205,1269,1274.16,1256.4,1264.5,0
20150206,1264.5,1268.78,1228.54,1233.6,0
20150209,1232.78,1243.7,1232.78,1238.9,0
20150210,1238.9,1245.91,1231.17,1233.4,0
20150211,1233.64,1238.9,1218.35,1218.5,0
20150212,1219,1232.95,1217.2,1221.7,0
20150213,1221.82,1235,1221.82,1229.42,0
20150216,1229.45,1236.79,1227.71,1230.59,0
20150217,1230.54,1234,1203.95,1209.4,0
20150218,1209.71,1213.52,1197.86,1212.03,0
20150219,1212.2,1223.02,1205.63,1206.49,0
20150220,1206.54,1215.39,1198.45,1201.58,0
20150223,1201.59,1210.4,1190.98,1201.43,0
20150224,1201.43,1204.55,1190.7,1200.2,0
20150225,1200.2,1211.85,1200.2,1204.95,0
20150226,1204.7,1220,1203.75,1209.23,0
20150227,1209.2,1219.33,1204.67,1212.96,0
20150302,1213.01,1223.3,1204.8,1206.7,0
20150303,1206.7,1214.73,1195.59,1203.29,0
20150304,1203.4,1209.01,1198.5,1200,0
20150305,1200,1209.43,1196.7,1198.1,0
20150306,1198.21,1200.75,1164,1167.15,0
20150309,1166.91,1175.35,1166.1,1166.88,0
20150310,1166.42,1170.53,1155.5,1161.42,0
20150311,1161.74,1165.3,1147.72,1154.73,0
20150312,1155.11,1166.65,1148.8,1152.82,0
20150313,1153.16,1161.85,1151.63,1158.02,0
20150316,1158.02,1164.12,1150.58,1154.14,0
20150317,1154.15,1159.87,1142.97,1148.91,0
20150318,1148.86,1175.77,1146.1,1167.09,0
20150319,1167.04,1177.9,1159.83,1171.3,0
20150320,1171,1187.97,1168.95,1182.2,0
20150323,1182.2,1191.65,1179.55,1189.07,0
20150324,1189.02,1195.03,1185.64,1192.6,0
20150325,1192.63,1199.72,1186.85,1195.15,0
20150326,1195.1,1219.85,1194.7,1203.9,0
20150327,1204.19,1206.21,1192.8,1198.8,0
20150330,1198.36,1199.42,1182.59,1185.1,0
20150331,1185.55,1190.74,1178.69,1183.3,0
20150401,1183.25,1208.6,1181.09,1203.62,0
20150402,1203.83,1207.4,1195.17,1201.5,0
20150403,1202.03,1202.72,1200.6,1202.52,0
20150406,1201.5,1224.23,1201.5,1214.47,0
20150407,1214.38,1215.82,1207.7,1208.25,0
20150408,1208.49,1212.39,1197.69,1202.65,0
20150409,1202.6,1203.41,1192.85,1194.3,0
20150410,1193.77,1210.75,1193.42,1207.5,0
20150413,1207.4,1209.52,1196.6,1198.35,0
20150414,1198.65,1201.53,1184.21,1192.4,0
20150415,1192.24,1204.66,1189.1,1201.6,0
20150416,1201.96,1209.17,1194.95,1198,0
20150417,1198.68,1207.81,1197.65,1204.1,0
20150420,1203.97,1209.23,1191.58,1196.25,0
20150421,1195.99,1204.32,1193.31,1202.39,0
20150422,1202.42,1204.91,1185.96,1187.06,0
20150423,1187.35,1198.07,1184.55,1193.5,0
20150424,1193.42,1196.03,1175.38,1178.97,0
20150427,1178.91,1207.26,1178.77,1201.62,0
20150428,1201.56,1215.07,1199.35,1211.94,0
20150429,1211.69,1214.07,1201.55,1204.72,0
20150430,1204.79,1207.25,1177.2,1183.97,0
20150501,1184.21,1185.25,1170.5,1178,0
20150504,1177.93,1192.86,1177.93,1187.97,0
20150505,1188.07,1199.86,1185.9,1192.68,0
20150506,1193.02,1197.73,1188.5,1191.29,0
20150507,1191.7,1192.85,1179.11,1184.4,0
20150508,1184.38,1193.8,1181.99,1187.5,0
20150511,1188.24,1191.79,1179.1,1183.55,0
20150512,1183.25,1197.22,1180.93,1193.15,0
20150513,1192.96,1218.92,1191.48,1214.69,0
20150514,1215.21,1227.28,1212.45,1221,0
20150515,1221.15,1226.2,1211.22,1223.7,0
20150518,1223.69,1232.41,1221.8,1225.05,0
20150519,1225.61,1225.76,1205.99,1207.55,0
20150520,1208.11,1213.57,1203.48,1209.45,0
20150521,1209.53,1212.8,1201.74,1206.25,0
20150522,1206.32,1214.9,1201.72,1205.4,0
20150525,1205.69,1209.2,1203.06,1206.86,0
20150526,1206.85,1207.58,1185.7,1187.15,0
20150527,1187.08,1190.96,1183.9,1187.5,0
20150528,1187.66,1192.2,1180.36,1187.95,0
20150529,1187.64,1193.8,1185.96,1190,0
20150601,1189.78,1204.34,1184.68,1188.95,0
20150602,1189.22,1196.31,1186.19,1192.58,0
20150603,1193.3,1195.54,1179.7,1184.95,0
20150604,1185.43,1186.51,1173,1176.45,0
20150605,1176.56,1178.58,1162.98,1171.5,0
20150608,1171.63,1177.66,1169.32,1173.45,0
20150609,1173.76,1182.96,1172.77,1176.14,0
20150610,1176.31,1192.32,1175.3,1185.35,0
20150611,1185.85,1188.03,1175.88,1181.64,0
20150612,1181.44,1184.35,1176.89,1180.8,0
20150615,1181.35,1190.49,1173.01,1185.55,0
20150616,1185.6,1187.9,1176.28,1181.35,0
20150617,1181.45,1189.21,1174.84,1185.25,0
20150618,1184.47,1205.76,1183.88,1201.38,0
20150619,1201.82,1204.2,1198.61,1200,0
20150622,1200.04,1201.08,1182.3,1185.75,0
20150623,1185.4,1188.13,1176.42,1177.73,0
20150624,1177.9,1180.27,1170.13,1174.72,0
20150625,1174.71,1178.1,1171.74,1172.6,0
20150626,1172.95,1178.7,1168.78,1175.04,0
20150629,1175.35,1188.07,1174.05,1179.85,0
20150630,1180.1,1180.54,1166.99,1172.75,0
20150701,1172.99,1175.07,1167.84,1168.4,0
20150702,1168.16,1169.73,1157.2,1166.05,0
20150703,1165.92,1170.24,1164.95,1168.28,0
20150706,1168.69,1174.88,1163.08,1169.78,0
20150707,1169.37,1170.56,1148,1154.65,0
20150708,1154.82,1164.71,1147.44,1156.95,0
20150709,1158.13,1167.8,1156.22,1159.35,0
20150710,1159.51,1165.42,1157.62,1162.65,0
20150713,1163.28,1164.76,1151.3,1157.45,0
20150714,1157.47,1159.82,1153.14,1155.4,0
20150715,1154.89,1156.85,1143.41,1148.85,0
20150716,1147.22,1149.46,1142.55,1144.55,0
20150717,1145.29,1145.81,1131.27,1134.32,0
20150720,1134.57,1134.57,1073.53,1097.45,0
20150721,1098.96,1109.91,1097.2,1100.85,0
20150722,1100.98,1103.43,1087.29,1094,0
20150723,1094.51,1105.87,1087.51,1090.15,0
20150724,1090.62,1102,1077.4,1098.9,0
20150727,1098.85,1105.02,1088.69,1093.8,0
20150728,1094.92,1099,1091.8,1094.85,0
20150729,1094.88,1101.97,1090.4,1096.35,0
20150730,1096.9,1098.69,1082.82,1087.95,0
20150731,1088.41,1103.49,1080.22,1095.01,0
20150803,1095.3,1097.78,1085.97,1085.6,0
20150804,1085.78,1094.92,1081.21,1087.35,0
20150805,1087.53,1092.57,1083.1,1084.65,0
20150806,1084.75,1094.04,1083.73,1089.15,0
20150807,1089.34,1099.55,1083,1093.64,0
20150810,1093.93,1108.94,1089.89,1103.85,0
20150811,1104.17,1119.42,1094.08,1108.4,0
20150812,1108.45,1125.88,1102,1124.75,0
20150813,1125.4,1126.81,1113.83,1114.55,0
20150814,1114.86,1121.1,1112,1114.56,0
20150817,1114.79,1122.85,1113.97,1117.35,0
20150818,1117.54,1121.19,1109.8,1117.45,0
20150819,1117.56,1134.7,1116.46,1133.85,0
20150820,1133.34,1154.02,1132.9,1152.35,0
20150821,1153.29,1168.32,1149.14,1160.23,0
20150824,1160.61,1170.13,1145.75,1154.65,0
20150825,1155.44,1156.66,1134.8,1140.35,0
20150826,1140.33,1146.48,1117.9,1124.75,0
20150827,1125.17,1129.32,1118.43,1125.35,0
20150828,1125.22,1140.88,1124,1133.07,0
20150831,1133.35,1136.7,1125.82,1134.35,0
20150901,1134.29,1147.89,1134.29,1139.75,0
20150902,1139.52,1142.46,1132.23,1133.35,0
20150903,1133.42,1134.36,1122.07,1124.75,0
20150904,1124.85,1132.56,1116.91,1121.24,0
20150907,1121.73,1124.85,1116.14,1118.68,0
20150908,1118.62,1126.79,1118.62,1121.45,0
20150909,1121.56,1125.39,1101.49,1106.33,0
20150910,1106.28,1115,1104.05,1111.15,0
20150911,1110.77,1112.87,1098.96,1107.26,0
20150914,1107.54,1110.56,1103.73,1107.92,0
20150915,1107.62,1109.45,1102.67,1104.95,0
20150916,1104.96,1124.23,1104.16,1118.95,0
20150917,1118.92,1135.98,1115.58,1130.3,0
20150918,1130.29,1141.77,1127.75,1138.9,0
20150921,1138.99,1139.96,1129.73,1132.95,0
20150922,1133.25,1136.65,1121.5,1124.05,0
20150923,1124.11,1134.33,1122.07,1129.95,0
20150924,1129.99,1156.72,1129.99,1153.69,0
20150925,1151.17,1151.62,1140.94,1145.87,0
20150928,1146.03,1148.29,1128.23,1131.65,0
20150929,1131.84,1134.76,1124.37,1126.75,0
20150930,1127.24,1128.17,1111.89,1114.55,0
20151001,1115.16,1119.23,1111.29,1113.15,0
20151002,1113.04,1141.31,1104.79,1137.52,0
20151005,1138.38,1142.01,1130.33,1135.35,0
20151006,1135.05,1151.25,1135.05,1146.55,0
20151007,1146.57,1153.66,1142.04,1144.85,0
20151008,1145.17,1151.3,1136.79,1138.45,0
20151009,1138.61,1159.8,1138.61,1155.58,0
20151012,1154.93,1169,1154.93,1163.15,0
20151013,1163.13,1168.81,1151.98,1168.25,0
20151014,1168.24,1189.83,1163.5,1184.05,0
20151015,1183.77,1191.57,1174.55,1182.75,0
20151016,1182.24,1184.56,1174.5,1176.55,0
20151019,1176.69,1178.24,1168.8,1170.35,0
20151020,1170.74,1180.86,1167.63,1175.55,0
20151021,1175.25,1179.24,1163.82,1166.65,0
20151022,1166.7,1171.84,1162.78,1165.35,0
20151023,1165.8,1179.45,1159.14,1163.81,0
20151026,1164,1169.68,1162.37,1162.95,0
20151027,1162.79,1168.76,1160.87,1166.35,0
20151028,1166.34,1183,1152.45,1155.55,0
20151029,1156.35,1162.7,1144.87,1145.45,0
20151030,1146.74,1150.07,1139.29,1141.59,0
20151102,1141.83,1142.99,1132.8,1133.5,0
20151103,1133.15,1138.31,1114.6,1117.6,0
20151104,1117.6,1122.85,1106.58,1107.75,0
20151105,1107.7,1111.61,1103.21,1103.7,0
20151106,1103.7,1110.46,1085.65,1089.58,0
20151109,1089.67,1095.78,1088.58,1092.1,0
20151110,1091.9,1095.23,1085.47,1089.52,0
20151111,1089.31,1094,1084.32,1086.3,0
20151112,1086,1089.64,1074.34,1084.9,0
20151113,1085.13,1088.65,1079.84,1083.76,0
20151116,1083.48,1098.14,1081.57,1082.58,0
20151117,1082.42,1085.29,1065.7,1070.01,0
20151118,1069.98,1075.37,1064,1070.57,0
20151119,1070.6,1087.46,1069.78,1082.13,0
20151120,1081.91,1088.1,1076.06,1077.86,0
20151123,1078.26,1078.26,1066.58,1068.9,0
20151124,1068.63,1081.17,1068.63,1075.5,0
20151125,1075.43,1080.81,1068.04,1071.07,0
20151126,1070.98,1074.93,1069.94,1072.07,0
20151127,1071.24,1073.87,1052.95,1057.84,0
20151130,1058.09,1069.73,1053.35,1064.6,0
20151201,1064.6,1074.71,1063.43,1069.17,0
20151202,1068.99,1071.53,1050.72,1053.35,0
20151203,1053.5,1065.49,1046.54,1061.74,0
20151204,1061.9,1088.9,1058.37,1085.85,0
20151207,1085.85,1086.85,1066.65,1071.2,0
20151208,1071.2,1079.18,1067.87,1074.71,0
20151209,1074.57,1085.4,1069.51,1072.35,0
20151210,1072.47,1076.54,1069.58,1071.37,0
20151211,1071.17,1079.67,1062.63,1074.38,0
20151214,1074.44,1077.54,1062.91,1059.73,0
20151215,1059.86,1068.7,1058.88,1060.83,0
20151216,1060.83,1078.45,1060.83,1072.06,0
20151217,1072.06,1073.3,1047.81,1050.95,0
20151218,1050.79,1071.54,1050.79,1066.14,0
20151221,1065.92,1081.79,1064.09,1077.83,0
20151222,1078.22,1080.78,1072.06,1072.3,0
20151223,1072.31,1075.53,1068.45,1070.14,0
20151224,1069.96,1077.11,1069.96,1075.8,0
20151225,1075.75,1076.65,1075.75,1076.45,0
20151228,1076.65,1077,1066.7,1069.09,0
20151229,1068.8,1075.3,1067.71,1068.81,0
20151230,1068.9,1072.22,1059.61,1061.3,0
20151231,1061.2,1063.57,1058.27,1061.19,0
20160101,1061.97,1061.97,1061.71,1061.25,0
20160104,1061.2,1083.57,1061.2,1074.45,0
20160105,1074.5,1082.05,1072.85,1077.22,0
20160106,1077.28,1095.25,1075.17,1093.22,0
20160107,1093.5,1110.12,1091.59,1108.71,0
20160108,1108.57,1113.12,1092.79,1104.27,0
20160111,1103.97,1108.58,1093.85,1094.11,0
20160112,1094.09,1099.23,1083.63,1086.09,0
20160113,1086.09,1095.5,1079.96,1092.99,0
20160114,1093.3,1095.38,1071.65,1078.15,0
20160115,1078.07,1097.47,1076.46,1088.69,0
20160118,1088.73,1093.34,1087.7,1088.94,0
20160119,1089.14,1094.59,1082.67,1087.1,0
20160120,1087.02,1109.61,1087.02,1100.6,0
20160121,1100.64,1104.53,1092.63,1100.77,0
20160122,1100.97,1102.88,1094.28,1097.76,0
20160125,1097.71,1108.94,1097.49,1107.74,0
20160126,1107.74,1122.94,1107.24,1119.74,0
20160127,1119.74,1128.08,1115.01,1124.55,0
20160128,1124.5,1125.86,1111.65,1114.85,0
20160129,1114.9,1118.49,1108.72,1118.12,0
20160201,1117.93,1129.75,1115.58,1128.21,0
20160202,1128.21,1131.06,1122.54,1128.79,0
20160203,1128.72,1145.52,1124.63,1142.2,0
20160204,1142.2,1157.38,1139.64,1155.3,0
20160205,1155.26,1174.5,1145.45,1172.98,0
20160208,1173.06,1200.89,1164.41,1188.94,0
20160209,1188.82,1198.92,1185.91,1188.79,0
20160210,1188.8,1197.69,1181.7,1196.91,0
20160211,1197.04,1263.37,1196.19,1246.57,0
20160212,1246.5,1248.22,1232.61,1237.19,0
20160215,1238.17,1238.17,1202.26,1208.88,0
20160216,1208.81,1216.96,1191.08,1199.51,0
20160217,1199.88,1213.78,1195.92,1208.09,0
20160218,1208.12,1239.96,1200.93,1230.47,0
20160219,1230.77,1234.53,1220.15,1225.86,0
20160222,1226.19,1227.7,1202.13,1208.61,0
20160223,1208.45,1228.28,1207.43,1225.3,0
20160224,1225.45,1253.32,1222.04,1228.73,0
20160225,1228.66,1243.14,1221.4,1232.81,0
20160226,1232.81,1240.46,1211.63,1222.16,0
20160229,1222.3,1241.13,1215.98,1238.36,0
20160301,1238.4,1248.57,1227.4,1231.68,0
20160302,1231.9,1244.07,1224.95,1239.64,0
20160303,1239.8,1268.29,1237.6,1264.11,0
20160304,1264.1,1279.85,1250.4,1258.62,0
20160307,1259.76,1273.17,1256.97,1267.05,0
20160308,1267,1278.1,1260.41,1261.23,0
20160309,1261.32,1264.95,1243.13,1252.64,0
20160310,1253.09,1273.36,1237.24,1272.09,0
20160311,1272.08,1284.53,1248.56,1250.18,0
20160314,1250.32,1261.1,1229.51,1234.35,0
20160315,1235.72,1238.11,1225.81,1231.85,0
20160316,1232.63,1263.98,1226.9,1261.95,0
20160317,1260.96,1270.94,1254.62,1257.3,0
20160318,1257.07,1266.86,1248.01,1255.07,0
20160321,1255.02,1256,1240.81,1243.15,0
20160322,1243.83,1260.17,1242.6,1247.85,0
20160323,1247.52,1249.43,1215.42,1219.75,0
20160324,1220.47,1223.84,1212.36,1216.83,0
20160325,1216.78,1216.78,1216.78,1216.72,0
20160328,1216.83,1223.1,1208.08,1220.95,0
20160329,1221.13,1243.1,1215.56,1241.35,0
20160330,1240.6,1244.25,1223.36,1224.69,0
20160331,1225.04,1240.41,1223.92,1232.15,0
20160401,1232.1,1235.37,1209.13,1221.84,0
20160404,1221.79,1222.56,1214.81,1214.95,0
20160405,1215.37,1236.8,1215,1230.95,0
20160406,1230.98,1232.18,1216.99,1222.35,0
20160407,1222.81,1243.25,1222.81,1240.35,0
20160408,1238.63,1242.8,1229.8,1239.32,0
20160411,1239.27,1258.71,1239.27,1257.25,0
20160412,1257.47,1262.65,1251.43,1254.55,0
20160413,1254.91,1256.75,1239.8,1242.05,0
20160414,1241.57,1244.1,1224.05,1226.95,0
20160415,1227,1235.89,1225.49,1233.74,0
20160418,1233.39,1241.61,1230.23,1231.85,0
20160419,1232.13,1256.64,1227.9,1250.1,0
20160420,1249.83,1257.98,1242.6,1243.55,0
20160421,1242.66,1270.4,1242.66,1247.65,0
20160422,1246.71,1252.63,1227.6,1232.26,0
20160425,1232.21,1242.26,1230.3,1237.35,0
20160426,1238.23,1244.88,1231.55,1243.35,0
20160427,1244.03,1252.78,1239.73,1245.65,0
20160428,1245.15,1269.62,1237.97,1265.85,0
20160429,1265.77,1296.72,1265.2,1292.77,0
20160502,1292.72,1303.76,1287.85,1291,0
20160503,1291.22,1301.77,1282.4,1285.85,0
20160504,1285.41,1289.75,1272.01,1279.35,0
20160505,1279.14,1286.44,1269.1,1278,0
20160506,1277.39,1295.6,1274.65,1288.03,0
20160509,1287.52,1288.22,1261.58,1263.45,0
20160510,1263.74,1270.01,1257.03,1265.15,0
20160511,1265.53,1279.11,1264.97,1276.85,0
20160512,1277.73,1280.88,1262,1262.85,0
20160513,1263.36,1276.31,1263.1,1272.45,0
20160516,1272.99,1288.8,1270.92,1273.45,0
20160517,1273.32,1282.26,1269.25,1278.85,0
20160518,1278.85,1281.6,1255.27,1258.45,0
20160519,1257.78,1261.3,1243.96,1254.15,0
20160520,1254.74,1260.19,1248.98,1251.95,0
20160523,1251.9,1256.04,1243.3,1248.84,0
20160524,1248.77,1252.21,1226.54,1226.55,0
20160525,1227.14,1230.25,1217.96,1224.15,0
20160526,1223.42,1234.3,1218.51,1219.6,0
20160527,1219.56,1223.58,1207,1212.75,0
20160530,1212.7,1213.45,1199.8,1205,0
20160531,1206.14,1218.25,1205.89,1214.95,0
20160601,1215.18,1220.44,1206.14,1212.05,0
20160602,1213.61,1217.66,1210.01,1210.55,0
20160603,1210.62,1244.75,1207.17,1243.82,0
20160606,1244.4,1248.76,1240.08,1244.95,0
20160607,1245.08,1246.59,1235,1243.25,0
20160608,1243.93,1264.42,1243.16,1262.25,0
20160609,1261.7,1271.72,1256.98,1269.05,0
20160610,1268.74,1278.13,1264.76,1273.58,0
20160613,1273.53,1287.2,1272.65,1283.05,0
20160614,1283.2,1289.83,1276.52,1285.7,0
20160615,1284.91,1296.84,1278.66,1291.82,0
20160616,1291.77,1315.61,1277.6,1277,0
20160617,1279.08,1299.58,1276.78,1298.18,0
20160620,1298.47,1298.47,1278.1,1289.55,0
20160621,1289.31,1294.26,1264.76,1267.85,0
20160622,1268.64,1270.69,1261.41,1265.75,0
20160623,1264.95,1271.94,1254.7,1256.32,0
20160624,1251.58,1358.8,1250.65,1315.18,0
20160627,1315.13,1335.43,1315.13,1324.35,0
20160628,1324.34,1326.24,1305.5,1311.94,0
20160629,1310.57,1327.82,1310.57,1318.05,0
20160630,1317.33,1324.18,1313.03,1321.49,0
20160701,1321.64,1344.53,1320.81,1340.67,0
20160704,1340.62,1357.5,1336.16,1350.73,0
20160705,1350.68,1357.62,1338.3,1355.95,0
20160706,1355.19,1375.15,1355.19,1363.45,0
20160707,1363.07,1370.71,1350.8,1359.9,0
20160708,1359.24,1370.34,1335.4,1365.85,0
20160711,1366.43,1375.12,1351.02,1355.15,0
20160712,1355.09,1357.67,1330.4,1332.25,0
20160713,1333.03,1345.33,1327.76,1342.19,0
20160714,1343.52,1347.13,1320.36,1334.6,0
20160715,1336.04,1338.8,1322.7,1337.29,0
20160718,1337.29,1337.51,1323.7,1328.75,0
20160719,1328.5,1335.04,1325.8,1331.75,0
20160720,1331.4,1338.4,1312.85,1315.25,0
20160721,1315.92,1333.91,1311,1330.75,0
20160722,1331.05,1333.8,1319.88,1322.1,0
20160725,1322.05,1323.84,1312.3,1315.25,0
20160726,1315.4,1324.51,1313.97,1320.15,0
20160727,1319.62,1342.42,1316,1339.5,0
20160728,1339.17,1345.56,1332.73,1335.05,0
20160729,1335.46,1355.11,1328.84,1350.57,0
20160801,1350.8,1354.94,1346.52,1352.55,0
20160802,1353.44,1367.3,1347.2,1363.55,0
20160803,1363.37,1366.47,1354.2,1357.55,0
20160804,1358.01,1365.01,1349.36,1361.15,0
20160805,1360.5,1364.71,1334.91,1335.5,0
20160808,1335.45,1338.32,1330.12,1335.15,0
20160809,1335.29,1342.6,1330.74,1340.25,0
20160810,1340.37,1357.3,1340.24,1346.05,0
20160811,1346.8,1353.37,1335.98,1338.15,0
20160812,1338.67,1356.39,1333.48,1335.49,0
20160815,1335.74,1343.81,1335.74,1338.85,0
20160816,1339.55,1358.05,1339.55,1345.65,0
20160817,1345.5,1351.66,1336.27,1348.35,0
20160818,1348.26,1356.09,1346.29,1353.8,0
20160819,1352.09,1352.86,1337.9,1340.9,0
20160822,1341.2,1341.2,1331.98,1338.65,0
20160823,1338.74,1344.78,1335.42,1337.05,0
20160824,1337.97,1340.13,1323.88,1323.75,0
20160825,1323.97,1327.04,1318.2,1321.45,0
20160826,1321.35,1342.26,1318.58,1320.59,0
20160829,1320.94,1325.11,1315.08,1322.65,0
20160830,1323.52,1325.48,1309.3,1310.45,0
20160831,1311.61,1316.13,1304.38,1308.76,0
20160901,1309.49,1315.12,1302.61,1313.05,0
20160902,1314.24,1330.2,1305.11,1327.2,0
20160905,1324.91,1328.63,1322.03,1326.83,0
20160906,1326.78,1352.61,1325.04,1349.75,0
20160907,1348.42,1352.58,1342.82,1344.25,0
20160908,1344.78,1349.4,1335.61,1337.45,0
20160909,1337.37,1339.57,1327.86,1327.51,0
20160912,1327.84,1330.31,1320.6,1327.15,0
20160913,1327.85,1332.1,1315.86,1318.05,0
20160914,1319.18,1326.16,1313.73,1322.55,0
20160915,1321.67,1328.45,1309.1,1313.95,0
20160916,1314.66,1318.16,1306.38,1309.85,0
20160919,1309.87,1318.41,1309.6,1312.84,0
20160920,1312.79,1317.92,1312.19,1314.45,0
20160921,1314.56,1337.06,1307.96,1335.15,0
20160922,1334.69,1343.66,1331.4,1336.55,0
20160923,1336.56,1340.61,1334,1337.34,0
20160926,1337.29,1342.12,1332.9,1337.35,0
20160927,1337.34,1339.51,1324.8,1327.22,0
20160928,1326.51,1327.58,1318.19,1321.11,0
20160929,1321.54,1325.83,1316.26,1320.13,0
20160930,1320.11,1328.06,1313.46,1315.55,0
20161003,1315.5,1319.62,1309.54,1311.56,0
20161004,1312.17,1313.02,1267.13,1268.15,0
20161005,1268.16,1277.16,1262.33,1267.21,0
20161006,1266.13,1269.41,1250.05,1253.9,0
20161007,1254.76,1265.4,1241.5,1257.39,0
20161010,1257.34,1264.93,1256.8,1259.6,0
20161011,1259.32,1262.19,1252.77,1252.05,0
20161012,1252.26,1258.9,1249.94,1254.75,0
20161013,1255.65,1262.31,1253.29,1257.25,0
20161014,1257.81,1259.56,1246.26,1250,0
20161017,1250.56,1257.24,1250.53,1254.9,0
20161018,1254.51,1264.72,1254.51,1262.15,0
20161019,1262.55,1273.35,1260.5,1268.95,0
20161020,1269.38,1274.59,1264.1,1263.1,0
20161021,1265.73,1268.01,1261.36,1265.71,0
20161024,1265.62,1272,1260.57,1263.96,0
20161025,1264.34,1276.69,1262.26,1273.45,0
20161026,1274.01,1276.44,1264.88,1266.55,0
20161027,1266.53,1272.78,1265.3,1268.05,0
20161028,1268.06,1284.24,1261.9,1275.53,0
20161031,1275.48,1279.5,1271.4,1276.75,0
20161101,1276.86,1291.85,1275.75,1287.75,0
20161102,1287.86,1307.99,1287.59,1296.8,0
20161103,1296.93,1306.75,1285.7,1301.45,0
20161104,1301.86,1307.14,1294.96,1303.7,0
20161107,1292.95,1295.86,1278.34,1281.3,0
20161108,1281.2,1290.64,1273.06,1275.4,0
20161109,1275.29,1337.34,1268.52,1277.75,0
20161110,1277.7,1292.21,1252.47,1258.6,0
20161111,1258.5,1265.4,1219.33,1226.98,0
20161114,1227.1,1231.35,1211.73,1220.9,0
20161115,1221.2,1231.54,1219.15,1228.42,0
20161116,1228.46,1233.1,1221.67,1225,0
20161117,1224.83,1231.45,1211.28,1216.47,0
20161118,1216.4,1217.8,1203.12,1208.29,0
20161121,1208.3,1217.62,1205.83,1214,0
20161122,1214,1221,1206.34,1212.1,0
20161123,1212.1,1214.99,1181.92,1187.88,0
20161124,1187.6,1190.9,1180.6,1183.86,0
20161125,1181.38,1193.23,1171.07,1183.8,0
20161128,1183.75,1197.6,1183.01,1193.5,0
20161129,1193.5,1195.09,1181.2,1187.88,0
20161130,1187.85,1194.95,1170.83,1172.89,0
20161201,1173.2,1176.69,1160.95,1171.6,0
20161202,1171.6,1178.16,1166.93,1177.05,0
20161205,1176.53,1188.1,1157.3,1169.97,0
20161206,1170.2,1175.3,1166.94,1169.5,0
20161207,1169.5,1180.22,1165.81,1173.4,0
20161208,1173.4,1178.68,1169.42,1170.6,0
20161209,1170.6,1172.01,1156.43,1159.36,0
20161212,1158.01,1165.81,1151.49,1162.1,0
20161213,1162.2,1164.99,1154.8,1157.14,0
20161214,1157.58,1165.36,1139.02,1142.9,0
20161215,1142.57,1144.41,1122.81,1128.02,0
20161216,1128.1,1141.25,1126.85,1134.71,0
20161219,1134.52,1142.32,1133.97,1137.7,0
20161220,1137.7,1139.76,1125.96,1132.3,0
20161221,1132.2,1137.1,1129.59,1131.3,0
20161222,1131.4,1134.08,1127.99,1127.99,0
20161223,1127.97,1135.84,1127.97,1133.63,0
20161226,1133.74,1133.74,1133.74,1133.17,0
20161227,1133.5,1150.96,1131.92,1138.6,0
20161228,1138.6,1144.47,1136.68,1141.03,0
20161229,1141.5,1159.54,1141.5,1157.8,0
20161230,1157.9,1163.21,1149.94,1150.62,0
20170103,1151.49,1164.5,1146.23,1158.5,0
20170104,1158.5,1167.9,1156.4,1163.4,0
20170105,1163.21,1185.04,1163.19,1180.2,0
20170106,1180.2,1182.92,1171.15,1172.13,0
20170109,1172.26,1186.19,1172.17,1180.75,0
20170110,1180.9,1190.61,1180.37,1187.5,0
20170111,1187.5,1198.3,1177.37,1191.38,0
20170112,1191.3,1206.94,1190.97,1195.15,0
20170113,1195.03,1201.14,1188.02,1197.04,0
20170116,1197.04,1208.61,1197.04,1202.42,0
20170117,1202.85,1218.9,1202.85,1216.38,0
20170118,1216.55,1217.75,1202.57,1203.9,0
20170119,1203.92,1206.47,1196.06,1204.58,0
20170120,1204.55,1214.9,1198.81,1209.87,0
20170123,1209.82,1219.45,1209.14,1217.7,0
20170124,1217.68,1220.12,1206.83,1208.57,0
20170125,1208.66,1209.78,1193.44,1200.36,0
20170126,1200.38,1202.62,1184.62,1188.3,0
20170127,1188.41,1191.59,1180.74,1190.64,0
20170130,1190.6,1199.41,1188.4,1195.37,0
20170131,1195.35,1215.32,1193.95,1210.47,0
20170201,1210.52,1213.23,1198.39,1209.5,0
20170202,1209.59,1225.28,1208.65,1215.73,0
20170203,1215.47,1221.36,1207.38,1220.2,0
20170206,1220.05,1235.67,1218.93,1235.21,0
20170207,1235.27,1235.78,1227.8,1233.46,0
20170208,1233.5,1244.71,1230.27,1241.2,0
20170209,1241.31,1244.46,1228.1,1228.1,0
20170210,1228.1,1237.16,1221.85,1233.61,0
20170213,1233.13,1233.58,1219.49,1225,0
20170214,1225.05,1234.6,1222.08,1228.28,0
20170215,1228.14,1233.5,1216.8,1233.5,0
20170216,1233.4,1242.35,1232.33,1238.8,0
20170217,1239.18,1243.78,1234.16,1234.16,0
20170220,1234.92,1238.97,1232.64,1237.47,0
20170221,1237.31,1238.84,1226.32,1235.6,0
20170222,1235.51,1240.78,1231.42,1237.4,0
20170223,1237.42,1251.08,1235.91,1249.3,0
20170224,1249.52,1260.12,1247.99,1256.74,0
20170227,1256.74,1263.87,1251.07,1252.59,0
20170228,1252.67,1258.37,1247.82,1248.22,0
20170301,1248.24,1250.6,1237.11,1249.37,0
20170302,1249.28,1249.98,1231.1,1234.22,0
20170303,1234.05,1236.29,1223.1,1234.41,0
20170306,1234.35,1236.87,1225.08,1225.31,0
20170307,1225.31,1227.16,1214.37,1215.6,0
20170308,1215.6,1218.54,1206.82,1208.14,0
20170309,1208.08,1209.01,1199.41,1201,0
20170310,1201.01,1206.3,1195.13,1204.14,0
20170313,1204.14,1211.16,1202.62,1203.65,0
20170314,1203.67,1207.7,1197.2,1197.2,0
20170315,1198.65,1222.01,1197.76,1219.05,0
20170316,1218.98,1233.73,1218.31,1225.88,0
20170317,1226.1,1231.66,1224.69,1228.6,0
20170320,1229.31,1235.52,1229.31,1233.2,0
20170321,1233.97,1247.55,1227.09,1244.05,0
20170322,1243.98,1251.32,1243.98,1247.95,0
20170323,1248.77,1253.31,1242.97,1245.05,0
20170324,1244.84,1251.84,1241.13,1243.13,0
20170327,1245.13,1261.01,1245.13,1253.95,0
20170328,1253.64,1258.4,1247.86,1251.15,0
20170329,1250.74,1254.62,1247.5,1253.21,0
20170330,1253.52,1253.83,1242.51,1242.85,0
20170331,1241.92,1250.6,1239.88,1248.78,0
20170403,1248.91,1253.7,1244.68,1252.95,0
20170404,1253.35,1261.25,1253.35,1255.65,0
20170405,1255.96,1257.4,1243.93,1255.25,0
20170406,1255.58,1258.91,1249.93,1251.85,0
20170407,1251.64,1270.94,1250.8,1253.5,0
20170410,1254.07,1257.2,1247.31,1254.48,0
20170411,1254.95,1275.11,1253.29,1273.95,0
20170412,1274.77,1286.75,1272.12,1286.15,0
20170413,1286.1,1288.56,1281.99,1286.86,0
20170414,1286.8,1288.2,1284.7,1287.16,0
20170417,1287.47,1295.46,1281.6,1284.45,0
20170418,1284.49,1292.3,1279.09,1289.35,0
20170419,1289.6,1290.71,1274.07,1279.55,0
20170420,1280.32,1283.4,1276.83,1281.3,0
20170421,1281.58,1288.3,1278.68,1284.03,0
20170424,1284.23,1284.29,1265.67,1275.55,0
20170425,1276.02,1278.2,1261.76,1263.8,0
20170426,1263.99,1270.7,1260.01,1269.1,0
20170427,1268.51,1269.59,1261.38,1263.85,0
20170428,1263.83,1268.52,1263.25,1267.91,0
20170501,1267.66,1271.16,1254.34,1256.05,0
20170502,1255.93,1257.73,1252.16,1256.25,0
20170503,1256.55,1256.92,1236.1,1237.8,0
20170504,1237.74,1241.26,1225.85,1227.2,0
20170505,1228.13,1235.58,1226.26,1228.04,0
20170508,1228.4,1236.51,1221.39,1225.95,0
20170509,1226.06,1228.59,1214.4,1220.65,0
20170510,1221.75,1225.63,1217.79,1218.55,0
20170511,1218.85,1227.73,1217.17,1224.35,0
20170512,1224.8,1231.74,1224.63,1227.93,0
20170515,1228.22,1237.31,1227.15,1229.75,0
20170516,1230.68,1239.1,1230.56,1236.55,0
20170517,1237,1261.3,1236.74,1260.85,0
20170518,1260.98,1265.01,1245.4,1245.4,0
20170519,1246.85,1256.5,1246.52,1255,0
20170522,1255.23,1262.56,1251.97,1260.25,0
20170523,1260.25,1263.76,1250.65,1250.65,0
20170524,1251.08,1258.93,1248.08,1258.05,0
20170525,1258.23,1259.63,1254.01,1255.25,0
20170526,1255.29,1269.5,1253.3,1266.85,0
20170529,1266.8,1269.1,1265.2,1266.39,0
20170530,1267.08,1270.45,1259.56,1262.75,0
20170531,1262.87,1274.09,1259.76,1268.55,0
20170601,1268.93,1270.31,1261.68,1265.15,0
20170602,1265.55,1279.5,1259.24,1278.77,0
20170605,1278.82,1283.4,1277.97,1279.05,0
20170606,1279.58,1296.06,1279.58,1294.12,0
20170607,1294.25,1294.91,1282.87,1287,0
20170608,1286.78,1288.91,1271.5,1278.1,0
20170609,1281.59,1281.59,1264.8,1265.9,0
20170612,1266.45,1270.37,1263.78,1265.65,0
20170613,1265.32,1269,1259.32,1266.25,0
20170614,1266.14,1281.16,1257.36,1260.6,0
20170615,1260.49,1266.72,1251.6,1253.75,0
20170616,1253.84,1257.14,1252.02,1253.1,0
20170619,1253.66,1255.66,1243.24,1243.35,0
20170620,1243.65,1248.1,1241.48,1242.65,0
20170621,1242.6,1247.82,1241.03,1246.05,0
20170622,1245.31,1254.82,1245.31,1250.1,0
20170623,1249.84,1258.9,1249.84,1256.4,0
20170626,1256.6,1258.11,1236.37,1244.05,0
20170627,1243.99,1253.1,1241.53,1246.55,0
20170628,1246.66,1254.88,1246.52,1248.75,0
20170629,1249.19,1253.19,1239.97,1245.35,0
20170630,1244.87,1248.24,1239.38,1241.33,0
20170703,1241.28,1242.71,1218.36,1219.35,0
20170704,1220.51,1226.5,1220.51,1223.69,0
20170705,1223.86,1228.82,1217.63,1226.75,0
20170706,1226.75,1229.37,1222.7,1224.65,0
20170707,1224.89,1228.5,1207.51,1212.49,0
20170710,1212.84,1215.58,1205.02,1213.75,0
20170711,1214.15,1217.6,1208.38,1217.2,0
20170712,1216.7,1225.77,1213.66,1219.75,0
20170713,1219.31,1224.42,1216.73,1216.9,0
20170714,1216.93,1232.9,1215,1228.55,0
20170717,1228.52,1236.1,1228.46,1233.75,0
20170718,1233.89,1244.54,1233.01,1242.15,0
20170719,1242.37,1244.02,1236.08,1240.85,0
20170720,1240.85,1247.6,1235.46,1244.15,0
20170721,1244.32,1255.9,1243.56,1254.91,0
20170724,1254.91,1258.79,1252.11,1254.95,0
20170725,1255.11,1257.89,1249.28,1249.45,0
20170726,1250.08,1263.51,1243.95,1260.35,0
20170727,1260.43,1265.27,1254.7,1258.85,0
20170728,1259.1,1270.82,1257.59,1268.7,0
20170731,1269.38,1271.17,1265.96,1268.95,0
20170801,1269.13,1274.11,1262.73,1268.65,0
20170802,1268.53,1272.81,1263.06,1266.05,0
20170803,1266.59,1270.83,1257.13,1267.95,0
20170804,1268.39,1270.16,1254.38,1258.4,0
20170807,1258.55,1259.89,1255.96,1257.35,0
20170808,1257.05,1265.2,1251.7,1260.75,0
20170809,1260.44,1278.7,1260.44,1277.25,0
20170810,1276.95,1287.8,1274.85,1286.05,0
20170811,1286.43,1292.07,1281.44,1288.77,0
20170814,1288.72,1290.42,1278.8,1281.35,0
20170815,1281.35,1282.07,1267.46,1271.15,0
20170816,1271.09,1283.84,1267.97,1282.85,0
20170817,1283.95,1290.12,1281.62,1287.65,0
20170818,1288.01,1300.83,1283.69,1283.58,0
20170821,1284.23,1293.85,1280.76,1290.95,0
20170822,1291.28,1292.54,1282.19,1284.75,0
20170823,1284.74,1291.5,1282.96,1290.25,0
20170824,1290.3,1291.2,1284.63,1285.65,0
20170825,1286.1,1294.58,1275.34,1291.24,0
20170828,1291.12,1312.07,1291.12,1309.75,0
20170829,1314.73,1325.99,1305.24,1309.05,0
20170830,1309.05,1313.7,1305.33,1308.35,0
20170831,1308.68,1323.63,1298.33,1320.65,0
20170901,1321.48,1328.82,1316.59,1324.65,0
20170904,1324.81,1339.77,1324.81,1333.5,0
20170905,1334.25,1344.33,1326.36,1339.45,0
20170906,1339.39,1342.44,1331.84,1333.85,0
20170907,1334.28,1349.88,1332.76,1348.75,0
20170908,1348.8,1357.5,1342.94,1346.08,0
20170911,1346.26,1346.61,1326.58,1327.15,0
20170912,1327.42,1332.1,1322.81,1331.45,0
20170913,1332.12,1334.75,1321.04,1322.35,0
20170914,1323.37,1330.81,1315.87,1329.17,0
20170915,1329.25,1334.34,1319.93,1319.7,0
20170918,1319.98,1320.26,1304.83,1306.95,0
20170919,1306.66,1311.67,1305.33,1310.75,0
20170920,1310.82,1316.1,1296.21,1300.85,0
20170921,1301.07,1301.71,1288.28,1290.75,0
20170922,1290.72,1298.7,1290.72,1297.1,0
20170925,1297.08,1312.1,1289.58,1310.75,0
